-- phpMyAdmin SQL Dump
-- version 4.0.10.20
-- https://www.phpmyadmin.net
--
-- ホスト: localhost
-- 生成日時: 2019 年 12 月 06 日 15:02
-- サーバのバージョン: 5.6.46
-- PHP のバージョン: 5.6.40

SET SQL_MODE = "NO_AUTO_VALUE_ON_ZERO";
SET time_zone = "+00:00";


/*!40101 SET @OLD_CHARACTER_SET_CLIENT=@@CHARACTER_SET_CLIENT */;
/*!40101 SET @OLD_CHARACTER_SET_RESULTS=@@CHARACTER_SET_RESULTS */;
/*!40101 SET @OLD_COLLATION_CONNECTION=@@COLLATION_CONNECTION */;
/*!40101 SET NAMES utf8 */;

--
-- データベース: `MB_cakephp`
--

-- --------------------------------------------------------

--
-- テーブルの構造 `comments`
--

CREATE TABLE IF NOT EXISTS `comments` (
  `id` bigint(20) NOT NULL AUTO_INCREMENT,
  `user_id` bigint(20) NOT NULL,
  `post_id` bigint(20) NOT NULL,
  `comment` text NOT NULL,
  `image_name` varchar(255) DEFAULT NULL,
  `created` datetime NOT NULL,
  `modified` datetime NOT NULL,
  PRIMARY KEY (`id`)
) ENGINE=InnoDB  DEFAULT CHARSET=utf8 AUTO_INCREMENT=132 ;

--
-- テーブルのデータのダンプ `comments`
--

INSERT INTO `comments` (`id`, `user_id`, `post_id`, `comment`, `image_name`, `created`, `modified`) VALUES
(1, 0, 4, 'asddf', NULL, '2019-11-22 05:14:45', '2019-11-22 05:14:45'),
(2, 0, 4, 'comment!!1', NULL, '2019-11-22 05:15:02', '2019-11-22 05:15:02'),
(3, 0, 4, 'comment!', NULL, '2019-11-22 05:15:09', '2019-11-22 05:15:09'),
(4, 0, 9, 'Add comment!', NULL, '2019-11-22 05:18:47', '2019-11-22 05:18:47'),
(5, 0, 9, 'add comment!!', NULL, '2019-11-22 05:18:56', '2019-11-22 05:18:56'),
(6, 0, 10, 'test comment', NULL, '2019-11-22 05:28:21', '2019-11-22 05:28:21'),
(7, 0, 7, 'comment!', NULL, '2019-11-22 05:31:59', '2019-11-22 05:31:59'),
(8, 0, 10, 'comment', NULL, '2019-11-22 05:32:14', '2019-11-22 05:32:14'),
(9, 0, 10, 'Add comment', NULL, '2019-11-22 05:43:53', '2019-11-22 05:43:53'),
(10, 0, 10, 'Add comment', NULL, '2019-11-22 05:44:02', '2019-11-22 05:44:02'),
(11, 0, 10, 'comment', NULL, '2019-11-22 05:44:31', '2019-11-22 05:44:31'),
(12, 0, 12, 'Add comment', NULL, '2019-11-22 05:46:24', '2019-11-22 05:46:24'),
(13, 0, 13, 'add comment', NULL, '2019-11-22 05:47:28', '2019-11-22 05:47:28'),
(14, 0, 14, 'comment', NULL, '2019-11-22 05:48:42', '2019-11-22 05:48:42'),
(15, 0, 15, 'Add comment!', NULL, '2019-11-22 05:49:52', '2019-11-22 05:49:52'),
(16, 0, 16, 'aaa', NULL, '2019-11-22 05:55:46', '2019-11-22 05:55:46'),
(17, 0, 17, 'comment!!', NULL, '2019-11-22 05:56:35', '2019-11-22 05:56:35'),
(18, 0, 17, 'comment!', NULL, '2019-11-22 05:56:40', '2019-11-22 05:56:40'),
(19, 0, 17, 'comment!', NULL, '2019-11-22 05:56:49', '2019-11-22 05:56:49'),
(20, 0, 18, 'aaaa', NULL, '2019-11-22 06:03:25', '2019-11-22 06:03:25'),
(21, 0, 18, 'Add comment', NULL, '2019-11-22 06:04:54', '2019-11-22 06:04:54'),
(22, 0, 19, 'Add comment!!', NULL, '2019-11-22 06:09:32', '2019-11-22 06:09:32'),
(23, 0, 19, '111111', NULL, '2019-11-22 06:10:23', '2019-11-22 06:10:23'),
(24, 0, 19, 'comment', NULL, '2019-11-22 06:14:52', '2019-11-22 06:14:52'),
(25, 0, 19, 'add\r\n', NULL, '2019-11-22 06:15:37', '2019-11-22 06:15:37'),
(26, 0, 19, 'commetn', NULL, '2019-11-22 06:19:20', '2019-11-22 06:19:20'),
(27, 0, 19, 'aaa', NULL, '2019-11-22 06:19:51', '2019-11-22 06:19:51'),
(28, 0, 19, 'aaa', NULL, '2019-11-22 06:20:49', '2019-11-22 06:20:49'),
(29, 0, 19, 'comment', NULL, '2019-11-22 06:25:20', '2019-11-22 06:25:20'),
(30, 0, 19, 'aaa', NULL, '2019-11-22 06:26:48', '2019-11-22 06:26:48'),
(31, 0, 19, 'comment', NULL, '2019-11-22 06:38:15', '2019-11-22 06:38:15'),
(32, 0, 19, 'comment', NULL, '2019-11-22 06:39:42', '2019-11-22 06:39:42'),
(33, 0, 20, 'comment', NULL, '2019-11-22 06:50:12', '2019-11-22 06:50:12'),
(34, 0, 20, 'comment', NULL, '2019-11-22 06:51:24', '2019-11-22 06:51:24'),
(35, 0, 20, 'comment', NULL, '2019-11-22 06:53:08', '2019-11-22 06:53:08'),
(36, 0, 20, '1111', NULL, '2019-11-22 07:10:22', '2019-11-22 07:10:22'),
(37, 0, 35, 'Comment', NULL, '2019-11-23 03:35:19', '2019-11-23 03:35:19'),
(38, 0, 35, 'ã‚ã‚ã‚ã‚ã‚', NULL, '2019-11-23 03:42:13', '2019-11-23 03:42:13'),
(39, 0, 47, 'aaaaa', NULL, '2019-11-23 07:26:03', '2019-11-23 07:26:03'),
(40, 0, 47, 'iine', NULL, '2019-11-23 07:26:21', '2019-11-23 07:26:21'),
(43, 0, 48, 'aaaaa', NULL, '2019-11-23 08:31:04', '2019-11-23 08:31:04'),
(46, 4, 53, 'aaaaa', NULL, '2019-11-23 11:37:40', '2019-11-23 11:37:40'),
(48, 4, 54, 'aaaaa', NULL, '2019-11-23 12:18:28', '2019-11-23 12:18:28'),
(49, 4, 53, '2222222\r\n', NULL, '2019-11-23 12:23:45', '2019-11-23 12:23:45'),
(52, 5, 69, 'comment', NULL, '2019-11-26 20:44:59', '2019-11-26 20:44:59'),
(53, 5, 69, 'comment', NULL, '2019-11-26 20:45:05', '2019-11-26 20:45:05'),
(54, 5, 69, 'commetn', NULL, '2019-11-26 22:07:13', '2019-11-26 22:07:13'),
(55, 8, 88, 'ã‚³ãƒ¡ãƒ³ãƒˆ ', NULL, '2019-11-28 00:32:40', '2019-11-28 00:32:40'),
(57, 8, 91, 'Test comment', NULL, '2019-11-28 14:04:09', '2019-11-28 14:04:09'),
(58, 8, 92, 'Test comment', NULL, '2019-11-28 14:05:38', '2019-11-28 14:05:38'),
(59, 8, 92, 'Test comment', NULL, '2019-11-28 14:26:04', '2019-11-28 14:26:04'),
(60, 8, 92, 'wwwwwwwwww', NULL, '2019-11-28 14:40:49', '2019-11-28 14:40:49'),
(61, 8, 94, 'comment', NULL, '2019-11-28 17:17:33', '2019-11-28 17:17:33'),
(62, 8, 94, 'ã‚³ãƒ¡ãƒ³ãƒˆ ', NULL, '2019-11-28 17:17:41', '2019-11-28 17:17:41'),
(63, 8, 94, 'a\r\na\r\n\r\na', NULL, '2019-11-28 17:17:50', '2019-11-28 17:17:50'),
(64, 8, 101, 'ã‚³ãƒ¡ãƒ³ãƒˆ ', NULL, '2019-11-29 15:35:47', '2019-11-29 15:35:47'),
(65, 8, 70, 'comment', NULL, '2019-11-29 18:53:38', '2019-11-29 18:53:38'),
(66, 8, 112, 'aaaa', NULL, '2019-12-01 19:07:30', '2019-12-01 19:07:30'),
(68, 8, 58, 'aaaaa', NULL, '2019-12-01 22:45:06', '2019-12-01 22:45:06'),
(70, 8, 123, 'ã‚´ãƒªãƒ©', NULL, '2019-12-02 12:33:56', '2019-12-02 12:33:56'),
(71, 8, 124, '<script>alert(Hello,world);</script>', NULL, '2019-12-02 15:03:37', '2019-12-02 15:03:37'),
(72, 8, 124, '<script>alert(document.cookie);</script>', NULL, '2019-12-02 15:03:43', '2019-12-02 15:03:43'),
(76, 8, 211, '', NULL, '2019-12-03 10:51:38', '2019-12-03 10:51:38'),
(79, 5, 77, 'aaaa', NULL, '2019-12-03 21:28:58', '2019-12-03 21:28:58'),
(80, 5, 77, 'test', NULL, '2019-12-03 21:29:45', '2019-12-03 21:29:45'),
(81, 5, 77, 'aaaaa', NULL, '2019-12-03 21:38:28', '2019-12-03 21:38:28'),
(82, 5, 77, '', NULL, '2019-12-03 21:38:41', '2019-12-03 21:38:41'),
(83, 5, 77, '', NULL, '2019-12-03 21:38:46', '2019-12-03 21:38:46'),
(84, 5, 76, 'aaaa', NULL, '2019-12-03 21:40:38', '2019-12-03 22:21:20'),
(85, 5, 200, 'aaaaa', NULL, '2019-12-03 21:51:10', '2019-12-03 21:51:10'),
(86, 5, 215, 'aaaaa', NULL, '2019-12-03 22:25:29', '2019-12-03 22:42:32'),
(87, 5, 215, '', NULL, '2019-12-03 22:25:57', '2019-12-03 22:25:57'),
(88, 5, 215, '', NULL, '2019-12-03 22:37:46', '2019-12-03 22:37:46'),
(89, 5, 215, 'aaaaa', NULL, '2019-12-03 22:42:16', '2019-12-03 22:42:16'),
(90, 5, 212, 'aaaaa!!!', NULL, '2019-12-03 22:46:39', '2019-12-03 22:47:18'),
(91, 5, 126, 'aaa!!!!', NULL, '2019-12-04 06:39:23', '2019-12-04 06:39:32'),
(92, 5, 126, 'zczvczcvz', NULL, '2019-12-04 06:41:39', '2019-12-04 06:41:39'),
(93, 5, 126, 'aaaaa\r\n', NULL, '2019-12-04 06:42:35', '2019-12-04 06:42:35'),
(94, 5, 214, 'asdfdf', NULL, '2019-12-04 06:49:05', '2019-12-04 06:49:05'),
(95, 5, 214, '???', NULL, '2019-12-04 06:49:10', '2019-12-04 06:49:10'),
(96, 5, 217, 'aaaa', NULL, '2019-12-04 12:21:02', '2019-12-04 12:21:02'),
(97, 5, 216, 'adafa!!!!', NULL, '2019-12-04 12:58:35', '2019-12-04 12:58:43'),
(98, 17, 236, 'aaa', NULL, '2019-12-05 11:01:49', '2019-12-05 11:01:49'),
(99, 17, 112, 'zzzz', NULL, '2019-12-05 11:03:59', '2019-12-05 11:03:59'),
(100, 17, 218, 'aaaaa', NULL, '2019-12-05 15:57:16', '2019-12-05 15:57:16'),
(101, 17, 237, 'edited aaaa', NULL, '2019-12-05 16:09:18', '2019-12-05 16:14:26'),
(102, 17, 238, '<script>alert(Hello,world);</scr', NULL, '2019-12-05 16:28:04', '2019-12-05 18:00:27'),
(103, 17, 237, 'aaaa', NULL, '2019-12-05 16:33:13', '2019-12-05 16:33:13'),
(104, 17, 237, 'image', 'images.jpeg', '2019-12-05 16:34:51', '2019-12-05 16:34:51'),
(105, 17, 239, '(sdfasdf', '5de8ce8a83b3fham.jpg', '2019-12-05 16:39:29', '2019-12-05 18:31:54'),
(106, 17, 239, 'edit iiii', '8ec4c28e-c53b-408f-9389-bd09a3651b53.jpg', '2019-12-05 16:39:58', '2019-12-05 16:42:29'),
(107, 17, 239, 'edited aaaa', NULL, '2019-12-05 16:40:11', '2019-12-05 16:48:06'),
(108, 17, 239, 'aaaaa edited', '5de8b78fdf64c', '2019-12-05 16:53:51', '2019-12-05 18:28:12'),
(109, 17, 239, 'aaaa', 'ã‚¿ã‚™ã‚¦ãƒ³ãƒ­ãƒ¼ãƒˆã‚™ (2).jpeg', '2019-12-05 16:55:06', '2019-12-05 16:55:06'),
(110, 17, 239, 'asefhethrta', NULL, '2019-12-05 17:11:21', '2019-12-05 17:11:21'),
(111, 17, 239, 'zzz', '5de8c9cec169f', '2019-12-05 17:12:10', '2019-12-05 18:16:50'),
(112, 17, 238, 'DXVX', NULL, '2019-12-05 17:38:57', '2019-12-05 17:38:57'),
(113, 17, 238, 'DVVngg', NULL, '2019-12-05 17:39:40', '2019-12-05 17:39:40'),
(114, 17, 238, 'asgee', '5de8c301eb9fesandwitch.jpg', '2019-12-05 17:42:42', '2019-12-05 17:42:42'),
(115, 17, 238, 'asgee', NULL, '2019-12-05 17:45:31', '2019-12-05 17:46:17'),
(116, 17, 238, 'asgee', '5de8c49d860b3sandwitch.jpg', '2019-12-05 17:49:33', '2019-12-05 17:49:33'),
(117, 17, 238, 'aswwww', '5de8c8aca381bham.jpg', '2019-12-05 17:50:24', '2019-12-05 18:06:52'),
(118, 17, 239, 'editted ', '5de8cc60e8d56ã‚¿ã‚™ã‚¦ãƒ³ãƒ­ãƒ¼ãƒˆã‚™ (3).jpeg', '2019-12-05 18:15:57', '2019-12-05 18:22:41'),
(119, 21, 272, 'with image', '5de9b2407fcabstamp_free.jpg', '2019-12-06 10:41:25', '2019-12-06 10:43:28'),
(120, 21, 272, 'comment with image', NULL, '2019-12-06 10:42:03', '2019-12-06 10:42:03'),
(121, 21, 272, 'comment with image', NULL, '2019-12-06 10:44:17', '2019-12-06 10:44:17'),
(122, 21, 272, 'aaaaa', NULL, '2019-12-06 10:45:13', '2019-12-06 10:45:13'),
(123, 21, 272, 'comment with image', NULL, '2019-12-06 10:45:51', '2019-12-06 10:45:51'),
(124, 21, 272, 'comment with image', '5de9b30f22049ã‚¿ã‚™ã‚¦ãƒ³ãƒ­ãƒ¼ãƒˆã‚™.jpeg', '2019-12-06 10:46:55', '2019-12-06 10:46:55'),
(125, 21, 272, 'letters', NULL, '2019-12-06 10:49:00', '2019-12-06 10:49:00'),
(126, 21, 272, 'letters', NULL, '2019-12-06 10:50:17', '2019-12-06 10:50:17'),
(127, 21, 272, 'aaaaaaaaaaaaaaaaaaaaaaaaaaaaaaaaaaaaaaaaaaaaaaaaaaaaaaaaaaaaaaaaaaaaaaaaaaaaaaaaaaaaaaaaaaaaaaaaaaaaaaaaaaaaaaaaaaaaaaaaaaaaaaaaaaaaaaaaaaaaa', NULL, '2019-12-06 10:57:28', '2019-12-06 10:57:28'),
(128, 21, 272, 'aaaaaaaaaaaaaaaaaaaaaaaaaaaaaaaaaaaaaaaaaaaaaaaaaaaaaaaaaaaaaaaaaaaaaaaaaaaaaaaaaaaaaaaaaaaaaaaaaaaaaaaaaaaaaaaaaaaaaaaaaaaaaaaaaaaaaaaaaaaaaaaaaaaaaaaaaaaaaaaaaaaaaaaaaaaaaaaaaaaaaaaaaaaaaaaaaaaaaaaaaaaaaaaaaaaaaaaaaaaaaaaaaaaaaaaaaaaaaaaaaaaaaaaaaaaaaaaaaaaaaaaaaaaaaaaaaaaaaaaaaa', NULL, '2019-12-06 10:57:35', '2019-12-06 10:57:35'),
(129, 21, 272, 'length'' => array(\r\n                ''rule'' => array(''between'', 1, 140),\r\n                ''message'' => ''Over 140 characters'',\r\n                ''required'' => false,\r\n            ),length'' => array(\r\n                ''rule'' => array(''between'', 1, 140),\r\n                ''message'' => ''Over 140 characters'',\r\n                ''required'' => false,\r\n            ),', NULL, '2019-12-06 10:58:29', '2019-12-06 10:58:29'),
(130, 21, 272, 'aaaaaaaaaaaaaaaaaaaaaaaaaaaaaaaaaaaaaaaaaaaaaaaaaaaaaaaaaaaaaaaaaaaaaaaaaaaaaaaaaaaaaaaaaaaaaaaaaaaaaaaaaaaaaaaaaaaaaaaaaaaaaaaaaaaaaaaaaaaaaaaaaaaaaaaaaaaaaaaaaaaaaaaaaaaaaaaaaaaaaaaaaaaaaaaaaaaaaaaaaaaaaaaaaaaaaaaaaaaaaaaaaaaaaaaaaaaaaaaaaaaaaaaaaaaaaaaaaaaaaaaaaaaaaaaaaaaaaaaaaa', NULL, '2019-12-06 10:58:42', '2019-12-06 10:58:42'),
(131, 21, 272, 'aaaaaaaaaaaaaaaaaaaaaaaaaaaaaaaa', NULL, '2019-12-06 10:59:04', '2019-12-06 11:02:12');

-- --------------------------------------------------------

--
-- テーブルの構造 `followers`
--

CREATE TABLE IF NOT EXISTS `followers` (
  `id` bigint(20) NOT NULL AUTO_INCREMENT,
  `user_id` bigint(20) NOT NULL,
  `followed_id` bigint(20) NOT NULL,
  PRIMARY KEY (`id`)
) ENGINE=InnoDB  DEFAULT CHARSET=utf8 AUTO_INCREMENT=195 ;

--
-- テーブルのデータのダンプ `followers`
--

INSERT INTO `followers` (`id`, `user_id`, `followed_id`) VALUES
(9, 4, 4),
(14, 2, 5),
(16, 2, 2),
(22, 5, 5),
(27, 8, 8),
(28, 9, 5),
(29, 9, 9),
(32, 9, 2),
(67, 8, 9),
(68, 8, 5),
(70, 8, 2),
(72, 5, 9),
(91, 5, 2),
(92, 5, 8),
(93, 12, 12),
(161, 17, 17),
(184, 17, 5),
(185, 17, 8),
(192, 17, 2),
(193, 17, 9),
(194, 21, 21);

-- --------------------------------------------------------

--
-- テーブルの構造 `likes`
--

CREATE TABLE IF NOT EXISTS `likes` (
  `id` bigint(20) NOT NULL AUTO_INCREMENT,
  `user_id` bigint(20) NOT NULL,
  `post_id` bigint(20) NOT NULL,
  PRIMARY KEY (`id`)
) ENGINE=InnoDB  DEFAULT CHARSET=utf8 AUTO_INCREMENT=382 ;

--
-- テーブルのデータのダンプ `likes`
--

INSERT INTO `likes` (`id`, `user_id`, `post_id`) VALUES
(2, 1, 1),
(17, 5, 70),
(18, 5, 69),
(28, 5, 71),
(44, 5, 57),
(45, 5, 75),
(47, 8, 91),
(70, 5, 99),
(83, 8, 97),
(86, 8, 94),
(96, 8, 96),
(110, 8, 90),
(111, 8, 89),
(136, 8, 111),
(137, 5, 112),
(142, 9, 71),
(143, 9, 64),
(144, 9, 118),
(168, 8, 107),
(182, 8, 122),
(184, 8, 112),
(185, 8, 108),
(186, 8, 106),
(188, 8, 103),
(190, 8, 104),
(191, 8, 100),
(193, 8, 74),
(197, 8, 117),
(202, 8, 118),
(205, 8, 122),
(211, 8, 71),
(212, 8, 70),
(213, 8, 119),
(214, 8, 123),
(216, 8, 129),
(217, 8, 128),
(218, 8, 138),
(220, 8, 76),
(221, 8, 136),
(225, 8, 202),
(226, 8, 198),
(233, 8, 199),
(246, 8, 201),
(248, 8, 211),
(252, 8, 205),
(255, 2, 77),
(273, 5, 201),
(288, 5, 121),
(289, 5, 76),
(290, 5, 58),
(295, 5, 129),
(304, 5, 132),
(306, 5, 142),
(328, 5, 217),
(329, 5, 213),
(330, 5, 214),
(331, 5, 215),
(333, 5, 203),
(337, 5, 191),
(338, 5, 216),
(342, 5, 218),
(345, 17, 228),
(355, 17, 64),
(358, 5, 212),
(359, 5, 211),
(360, 5, 205),
(362, 17, 76),
(364, 17, 233),
(368, 17, 248),
(369, 17, 247),
(370, 21, 272),
(371, 21, 269),
(372, 21, 268),
(373, 21, 212),
(376, 21, 205),
(378, 21, 203),
(380, 21, 267),
(381, 21, 236);

-- --------------------------------------------------------

--
-- テーブルの構造 `posts`
--

CREATE TABLE IF NOT EXISTS `posts` (
  `id` bigint(50) NOT NULL AUTO_INCREMENT,
  `user_id` bigint(20) NOT NULL,
  `post` varchar(255) NOT NULL,
  `image_name` varchar(500) DEFAULT NULL,
  `shared_id` bigint(20) DEFAULT NULL,
  `like_count` int(20) NOT NULL DEFAULT '0',
  `created` datetime NOT NULL,
  `modified` datetime DEFAULT NULL,
  `deleted` tinyint(4) DEFAULT NULL,
  PRIMARY KEY (`id`)
) ENGINE=InnoDB  DEFAULT CHARSET=utf8 AUTO_INCREMENT=280 ;

--
-- テーブルのデータのダンプ `posts`
--

INSERT INTO `posts` (`id`, `user_id`, `post`, `image_name`, `shared_id`, `like_count`, `created`, `modified`, `deleted`) VALUES
(48, 0, 'aaaa', 'irish.jpg', NULL, 0, '2019-11-23 07:01:04', NULL, NULL),
(50, 0, 'edit post', '', NULL, 0, '2019-11-23 07:07:15', NULL, NULL),
(51, 0, 'post with image', 'cheese.jpg', NULL, 0, '2019-11-23 10:02:32', NULL, NULL),
(52, 0, 'edited post', '', NULL, 0, '2019-11-23 10:30:28', NULL, NULL),
(54, 4, 'test', 'ham.jpg', NULL, 0, '2019-11-23 11:26:09', NULL, NULL),
(55, 4, 'sdadfadfasd', 'images.png', NULL, 0, '2019-11-23 14:15:13', NULL, NULL),
(56, 4, 'make sure', 'ham.jpg', NULL, 0, '2019-11-23 15:23:02', NULL, NULL),
(57, 5, 'POST', '', NULL, 0, '2019-11-25 13:47:52', NULL, NULL),
(58, 2, 'Edited POST with image from kanji', 'sandwitch.jpg', NULL, 1, '2019-11-25 14:28:37', '2019-12-04 18:37:57', NULL),
(59, 5, 'add post', '', NULL, 0, '2019-11-25 15:44:27', NULL, NULL),
(60, 5, 'post', '', NULL, 0, '2019-11-25 16:34:33', NULL, NULL),
(62, 2, 'ADD POST!', 'irish.jpg', NULL, 0, '2019-11-25 19:11:50', '2019-12-04 18:37:53', NULL),
(63, 58, 'sdartberhzjta', '', NULL, 0, '2019-11-25 19:32:44', NULL, NULL),
(64, 2, 'add post!', 'images.jpeg', 62, 2, '2019-11-25 19:37:00', '2019-12-04 18:37:48', NULL),
(65, 2, 'order by desc', '', NULL, 0, '2019-11-25 20:27:13', '2019-12-04 18:37:42', NULL),
(66, 5, 'comment', '', 65, 0, '2019-11-25 21:50:00', NULL, NULL),
(67, 5, 'test', '', NULL, 0, '2019-11-26 13:48:12', NULL, NULL),
(69, 5, 'aaaaaaaaaaaaaaaaaaaaaaaaaaaaaaaaaaaaaaaaaaaaaaaaaaaaaaaaaaaaaaaaaaaaaaaaaaaaaaaaaaaaaaaaaaaaaaaaaaaaaaaaaaaaaaaaaaaaaaaaaaaaaaaaaaaaaaaaaaaaaaaaaaaaaaaaaaaaaaaaaaaaaaaaaaaaaaaaaaaaaaaaaaaaaaaaaaaaaaaaaaaaaaaaaaaaaaaaaaaaaaaaaaaaaaaaaaaaaaaaaaaaaaaaaaaaaaa', '', NULL, 0, '2019-11-26 15:18:32', NULL, NULL),
(70, 5, 'qqqq', '', NULL, 0, '2019-11-26 18:36:16', NULL, NULL),
(71, 5, 'comment', 'cheese.jpg', 70, 0, '2019-11-26 22:31:17', NULL, NULL),
(74, 5, 'add post!', '291e5f6f5d903bd5d401ec066087d711.jpg', NULL, 0, '2019-11-27 14:18:54', NULL, NULL),
(75, 5, 'comment', '', 74, 0, '2019-11-27 14:39:14', NULL, NULL),
(76, 2, 'test', '', NULL, 3, '2019-11-27 14:42:11', '2019-12-05 11:01:21', NULL),
(77, 5, 'Add post with image', 'sandwitch.jpg', NULL, 0, '2019-11-27 15:26:03', '2019-12-03 21:40:28', 1),
(78, 6, 'test', '', NULL, 0, '2019-11-27 18:29:36', NULL, NULL),
(79, 6, 'aaaa', '', NULL, 0, '2019-11-27 23:36:01', NULL, NULL),
(80, 6, 'comment', '', NULL, 0, '2019-11-27 23:38:49', NULL, NULL),
(81, 6, 'aaaaaaa', '', NULL, 0, '2019-11-27 23:43:57', NULL, NULL),
(82, 6, 'test', 'ham.jpg', NULL, 0, '2019-11-27 23:44:59', NULL, NULL),
(83, 6, 'test', '', NULL, 0, '2019-11-27 23:45:04', NULL, NULL),
(84, 6, 'Test', 'images.jpeg', NULL, 0, '2019-11-27 23:46:01', NULL, NULL),
(85, 6, 'post', 'cheese.jpg', NULL, 0, '2019-11-27 23:50:36', NULL, NULL),
(86, 6, 'comment', '', NULL, 0, '2019-11-27 23:51:42', '2019-12-03 22:42:45', 1),
(87, 7, 'Post with image', 'ham.jpg', NULL, 0, '2019-11-28 00:07:57', NULL, NULL),
(89, 8, 'comment', '', NULL, 0, '2019-11-28 10:21:12', NULL, NULL),
(90, 8, 'Edited Share', 'ham.jpg', NULL, 0, '2019-11-28 10:25:01', NULL, NULL),
(91, 8, 'Edited share with image', 'sandwitch.jpg', 90, 0, '2019-11-28 11:04:06', NULL, NULL),
(92, 8, 'Edited!', 'ham.jpg', NULL, 0, '2019-11-28 11:50:19', NULL, NULL),
(93, 8, 'test from profile', '', NULL, 0, '2019-11-28 14:47:07', NULL, NULL),
(94, 8, 'ã‚³ãƒ¡ãƒ³ãƒˆ ', '', NULL, 0, '2019-11-28 16:03:11', NULL, NULL),
(95, 8, 'ã„ã„ã­', '', NULL, 0, '2019-11-28 17:19:41', NULL, NULL),
(96, 8, '\r\nã‚\r\nã‚\r\nã‚', '', NULL, 0, '2019-11-28 17:24:17', NULL, NULL),
(97, 8, 'Post\r\nwith \r\nimage', '', NULL, 0, '2019-11-28 17:27:33', NULL, NULL),
(99, 8, 'comment', '', NULL, 0, '2019-11-28 17:43:00', NULL, NULL),
(100, 8, 'a\r\nã‚\r\né˜¿', '', NULL, 0, '2019-11-29 11:15:47', '2019-12-05 15:57:45', 1),
(102, 8, 'Edited post', 'sandwitch.jpg', NULL, 0, '2019-11-29 14:34:36', '2019-11-29 18:57:18', NULL),
(103, 8, 'ã‚³ãƒ¡ãƒ³ãƒˆ ', '', NULL, 0, '2019-11-29 14:35:47', NULL, NULL),
(104, 8, 'test', '', 101, 0, '2019-11-29 14:37:42', '2019-12-05 16:39:14', 1),
(105, 8, 'Test', '', NULL, 0, '2019-11-29 16:10:34', '2019-11-29 18:33:12', 1),
(106, 8, 'Test comment', '291e5f6f5d903bd5d401ec066087d711.jpg', NULL, 0, '2019-11-29 16:10:53', '2019-11-29 16:10:53', NULL),
(107, 8, 'work properly', '', 105, 0, '2019-11-29 16:11:17', '2019-12-01 19:21:30', NULL),
(108, 8, 'ã„\r\nã„\r\nã­', 'ham.jpg', 107, 0, '2019-11-29 16:11:40', '2019-11-29 16:12:44', NULL),
(109, 8, 'ãƒã‚¹ãƒˆ', '', NULL, 0, '2019-11-29 18:14:08', '2019-11-29 18:19:45', 1),
(110, 8, 'test', '', NULL, 0, '2019-11-29 18:29:29', '2019-11-29 18:29:40', 1),
(111, 8, 'deleted', '', 110, 0, '2019-11-29 18:29:37', '2019-11-29 18:56:02', 1),
(112, 8, 'can share?', '', 107, 0, '2019-11-29 19:09:50', '2019-11-29 19:09:50', NULL),
(113, 9, 'Test?', 'validation-over1mb.jpg', NULL, 0, '2019-11-30 11:52:47', '2019-11-30 11:52:47', NULL),
(114, 9, 'share with image', 'ham.jpg', 77, 0, '2019-11-30 13:24:45', '2019-11-30 13:24:45', NULL),
(115, 9, 'Edited image with image', '', NULL, 0, '2019-11-30 13:29:56', '2019-11-30 13:30:23', NULL),
(116, 9, 'Post with image from profile', 'sandwitch.jpg', 114, 0, '2019-11-30 14:40:00', '2019-11-30 14:40:00', NULL),
(117, 9, '1\r\n', '', NULL, 0, '2019-11-30 21:45:08', '2019-12-05 18:08:56', 1),
(118, 9, 'Test', '', NULL, 0, '2019-11-30 21:45:21', '2019-11-30 21:45:21', NULL),
(119, 9, 'test for image', 'sandwitch.jpg', NULL, 0, '2019-12-01 13:56:40', '2019-12-06 10:41:42', 1),
(120, 9, 'aaaa', '291e5f6f5d903bd5d401ec066087d711.jpg', NULL, 0, '2019-12-01 13:57:10', '2019-12-01 13:57:10', NULL),
(121, 9, 'aaaa', '291e5f6f5d903bd5d401ec066087d711.jpg', NULL, 0, '2019-12-01 13:59:07', '2019-12-01 13:59:07', NULL),
(122, 8, 'ãƒ†ã‚¹\r\n', '', NULL, 0, '2019-12-01 19:09:13', '2019-12-01 19:13:56', NULL),
(123, 8, 'comment', 'ham.jpg', NULL, 0, '2019-12-02 11:59:52', '2019-12-02 12:11:00', NULL),
(124, 8, '<script>alert(document.cookie);</script>', '', 77, 0, '2019-12-02 13:55:23', '2019-12-02 15:00:29', NULL),
(125, 8, 'aaaaaaaaaaaaaaaaaaaaaaaaaaaaaaaaaaaaaaaaaaaaaaaaaaaaaaaaaaaaaaaaaaaaaaaaaaaaaaaaaaaaaaaaaaaaaaaaaaaaaaaaaaaaaaaaaaaaaaaaaaaaaaaaaaaaaaaaaaaa', '', NULL, 0, '2019-12-02 15:23:25', '2019-12-02 15:23:25', NULL),
(126, 8, 'aaaaaaaaaaaaaaaaaaaaaaaaaaaaaaaaaaaaaaaaaaaaaaaaaaaaaaaaaaaaaaaaaaaaaaaaaaaaaaaaaaaaaaaaaaaaaaaaaaaaaaaaaaaaaaaaaaaaaaaaaaaaaaaaaaaaaaaaaaaa', '', NULL, 0, '2019-12-02 15:23:38', '2019-12-02 15:23:38', NULL),
(127, 8, '   ', '', NULL, 0, '2019-12-02 15:24:07', '2019-12-02 15:24:30', 1),
(128, 8, '    ', '', NULL, 0, '2019-12-02 15:28:39', '2019-12-02 15:28:39', NULL),
(129, 8, '  ', '', NULL, 0, '2019-12-02 15:29:18', '2019-12-02 15:29:18', NULL),
(130, 8, 'a', 'validation.gif', NULL, 0, '2019-12-02 15:42:45', '2019-12-02 15:42:45', NULL),
(131, 8, 'a', '<script>alert(document.cookie);<:script>.jpg', NULL, 0, '2019-12-02 15:44:10', '2019-12-02 15:44:20', 1),
(132, 8, 'a', 'validation-over1mb.jpg', NULL, 0, '2019-12-02 15:53:36', '2019-12-02 15:53:36', NULL),
(133, 8, 'a', 'validation-over1mb.gif', NULL, 0, '2019-12-02 15:54:26', '2019-12-02 15:54:26', NULL),
(134, 8, 'a', 'validation.bmp', NULL, 0, '2019-12-02 15:55:01', '2019-12-02 16:15:37', 1),
(135, 8, 'a', NULL, NULL, 0, '2019-12-02 16:16:16', '2019-12-02 16:16:19', 1),
(136, 8, 'aaaa', NULL, NULL, 0, '2019-12-02 16:16:43', '2019-12-02 19:39:16', NULL),
(137, 8, '   ', NULL, NULL, 0, '2019-12-02 16:16:51', '2019-12-02 16:16:51', NULL),
(138, 8, '???', NULL, NULL, 0, '2019-12-02 16:16:56', '2019-12-02 16:16:56', NULL),
(139, 8, '\r\n\r\n\r\n', NULL, NULL, 0, '2019-12-02 16:17:03', '2019-12-02 16:17:47', 1),
(140, 8, '  ', NULL, NULL, 0, '2019-12-02 16:18:09', '2019-12-02 16:18:09', NULL),
(141, 8, 'aaaa', NULL, NULL, 0, '2019-12-02 16:28:00', '2019-12-02 16:28:00', NULL),
(142, 8, 'aaaa', 'validation-over1mb.gif', NULL, 5, '2019-12-02 16:28:35', '2019-12-04 14:15:27', NULL),
(143, 8, 'aaaa', 'validation-over1mb.gif', NULL, 0, '2019-12-02 16:29:45', '2019-12-02 16:29:45', NULL),
(144, 8, 'a', 'validation.bmp', NULL, 0, '2019-12-02 16:30:01', '2019-12-02 16:30:01', NULL),
(145, 8, 'aaa', 'validation-over1mb.gif', NULL, 0, '2019-12-02 16:31:04', '2019-12-02 16:31:04', NULL),
(146, 8, 'a', 'validation-over1mb.jpg', NULL, 0, '2019-12-02 16:37:04', '2019-12-02 16:37:04', NULL),
(147, 8, '', '', NULL, 0, '2019-12-02 16:38:42', '2019-12-02 16:38:42', NULL),
(148, 8, '', '', NULL, 0, '2019-12-02 16:39:38', '2019-12-02 16:39:38', NULL),
(149, 8, '', '', NULL, 0, '2019-12-02 16:40:40', '2019-12-02 16:40:40', NULL),
(150, 8, '', '', NULL, 0, '2019-12-02 16:40:52', '2019-12-02 16:40:52', NULL),
(151, 8, '', '', NULL, 0, '2019-12-02 16:43:02', '2019-12-02 16:43:02', NULL),
(152, 8, '', '', NULL, 0, '2019-12-02 16:43:06', '2019-12-02 16:43:06', NULL),
(153, 8, '', '', NULL, 0, '2019-12-02 16:46:17', '2019-12-02 16:46:17', NULL),
(154, 8, '', '', NULL, 0, '2019-12-02 16:48:23', '2019-12-02 16:48:23', NULL),
(155, 8, '', 'validation.bmp', NULL, 0, '2019-12-02 16:48:42', '2019-12-02 16:48:42', NULL),
(156, 8, '', '', NULL, 0, '2019-12-02 16:52:31', '2019-12-02 16:54:30', 1),
(157, 8, '', '', NULL, 0, '2019-12-02 16:53:13', '2019-12-02 16:54:29', 1),
(158, 8, '', '', NULL, 0, '2019-12-02 16:53:41', '2019-12-02 16:54:28', 1),
(159, 8, '', '', NULL, 0, '2019-12-02 16:53:47', '2019-12-02 16:54:28', 1),
(160, 8, '', '', NULL, 0, '2019-12-02 16:54:02', '2019-12-02 16:54:27', 1),
(161, 8, '', '', NULL, 0, '2019-12-02 16:54:10', '2019-12-02 16:54:26', 1),
(162, 8, '', '', NULL, 0, '2019-12-02 16:54:23', '2019-12-02 16:54:25', 1),
(163, 8, '', '', NULL, 0, '2019-12-02 16:54:33', '2019-12-02 16:54:35', 1),
(164, 8, '', '', NULL, 0, '2019-12-02 16:54:58', '2019-12-02 16:54:59', 1),
(165, 8, '', '', NULL, 0, '2019-12-02 16:56:47', '2019-12-02 16:56:49', 1),
(166, 8, '', 'validation.bmp', NULL, 0, '2019-12-02 16:57:03', '2019-12-02 16:57:03', NULL),
(167, 8, 'aaaaaaa', '', NULL, 0, '2019-12-02 17:01:28', '2019-12-02 17:01:28', NULL),
(168, 8, 'aaaaa', 'validation-over1mb.jpg', NULL, 0, '2019-12-02 17:05:49', '2019-12-02 17:05:49', NULL),
(169, 8, 'wwww', 'validation-over1mb.gif', NULL, 0, '2019-12-02 17:06:44', '2019-12-02 17:11:10', 1),
(170, 8, 'aaaa', 'validation-over1mb.jpg', NULL, 0, '2019-12-02 17:10:45', '2019-12-02 17:11:08', 1),
(171, 8, 'aaaa', 'validation-over1mb.gif', NULL, 0, '2019-12-02 17:11:04', '2019-12-02 17:11:07', 1),
(172, 8, 'aaaa', '', NULL, 0, '2019-12-02 17:18:11', '2019-12-02 17:18:36', 1),
(173, 8, 'aaaa', NULL, NULL, 0, '2019-12-02 17:22:06', '2019-12-02 17:22:06', NULL),
(174, 8, 'aaa', 'validation-over1mb.jpg', NULL, 0, '2019-12-02 17:22:22', '2019-12-02 17:22:22', NULL),
(175, 8, 'aaa', NULL, NULL, 0, '2019-12-02 17:23:50', '2019-12-02 17:23:50', NULL),
(176, 8, 'aaa', 'validation.bmp', NULL, 0, '2019-12-02 17:23:58', '2019-12-02 17:23:58', NULL),
(177, 8, 'iii', '', NULL, 0, '2019-12-02 17:25:29', '2019-12-02 17:25:29', NULL),
(178, 8, 'aaa', 'validation.bmp', NULL, 0, '2019-12-02 17:25:49', '2019-12-02 17:25:49', NULL),
(179, 8, 'aaa', NULL, NULL, 0, '2019-12-02 17:30:43', '2019-12-02 17:30:43', NULL),
(180, 8, 'aaaa', NULL, NULL, 0, '2019-12-02 17:31:20', '2019-12-02 17:31:20', NULL),
(181, 8, 'iii', 'ham.jpg', NULL, 0, '2019-12-02 17:36:26', '2019-12-02 17:36:26', NULL),
(182, 8, 'iii', 'validation-over1mb.gif', NULL, 0, '2019-12-02 17:36:40', '2019-12-02 17:36:40', NULL),
(183, 8, 'aaaa', NULL, NULL, 0, '2019-12-02 17:37:35', '2019-12-02 17:42:28', 1),
(184, 8, '11111', NULL, NULL, 0, '2019-12-02 17:37:48', '2019-12-02 17:42:27', 1),
(185, 8, 'aaaa', NULL, NULL, 0, '2019-12-02 17:38:30', '2019-12-02 17:39:11', 1),
(186, 8, 'aaaa', NULL, NULL, 0, '2019-12-02 17:39:07', '2019-12-02 17:39:10', 1),
(187, 8, '2222', NULL, NULL, 0, '2019-12-02 17:42:39', '2019-12-02 17:42:39', NULL),
(188, 8, 'aaaa', NULL, NULL, 0, '2019-12-02 17:43:48', '2019-12-02 17:43:48', NULL),
(189, 8, 'iiii', 'é»’-æ˜Ÿ-ã‚¤ãƒ©ã‚¹ãƒˆ__k20647236.jpg', NULL, 0, '2019-12-02 17:44:06', '2019-12-02 17:44:06', NULL),
(190, 8, 'aaaa', 'sandwitch.jpg', NULL, 0, '2019-12-02 17:45:19', '2019-12-02 17:45:19', NULL),
(191, 8, 'aaaa', 'sandwitch.jpg', NULL, 1, '2019-12-02 17:45:58', '2019-12-04 14:35:07', NULL),
(192, 8, 'aaaa', 'sandwitch.jpg', NULL, 0, '2019-12-02 17:50:28', '2019-12-02 17:50:28', NULL),
(193, 8, '234564', 'ham.jpg', NULL, 0, '2019-12-02 17:50:45', '2019-12-02 17:50:45', NULL),
(194, 8, '3125346356', 'validation-over1mb.jpg', NULL, 0, '2019-12-02 17:52:49', '2019-12-02 17:52:49', NULL),
(195, 8, 'aesge', '<script>alert(document.cookie);<:script>.jpg', NULL, 0, '2019-12-02 17:53:07', '2019-12-02 17:53:07', NULL),
(196, 8, 'aaa', NULL, NULL, 0, '2019-12-02 18:05:24', '2019-12-02 18:05:24', NULL),
(197, 8, 'i', NULL, NULL, 0, '2019-12-02 18:14:46', '2019-12-02 18:14:46', NULL),
(198, 8, 'ã‚ãµã', 'sandwitch.jpg', NULL, 0, '2019-12-02 18:15:16', '2019-12-02 18:56:45', NULL),
(199, 8, 'aaa', NULL, NULL, 0, '2019-12-02 18:29:20', '2019-12-02 18:29:20', NULL),
(200, 8, 'aaaa', NULL, NULL, 0, '2019-12-02 18:33:55', '2019-12-03 21:51:12', 1),
(201, 8, '2222', NULL, 200, 0, '2019-12-02 18:34:16', '2019-12-02 18:34:16', NULL),
(202, 8, 'sssss', 'validation-over1mb.jpg', 201, 0, '2019-12-02 18:34:52', '2019-12-02 18:34:52', NULL),
(203, 8, 'ssss', NULL, NULL, 2, '2019-12-02 18:39:01', '2019-12-06 11:26:45', NULL),
(204, 8, 'dã•zxbdfba', NULL, NULL, 0, '2019-12-02 18:44:06', '2019-12-02 18:53:48', 1),
(205, 8, '12222222224\r\n347657564\r\n78597896', NULL, NULL, 3, '2019-12-02 18:52:24', '2019-12-06 11:26:42', NULL),
(206, 8, 'sã‚', 'irish.jpg', NULL, 0, '2019-12-02 18:52:56', '2019-12-02 19:11:35', 1),
(207, 8, 's!!!!', NULL, NULL, 0, '2019-12-02 18:53:24', '2019-12-02 19:11:51', 1),
(208, 8, 's', NULL, NULL, 0, '2019-12-02 18:53:32', '2019-12-02 18:53:51', 1),
(209, 8, '!!!!!!', NULL, NULL, 0, '2019-12-02 18:53:57', '2019-12-02 18:55:36', 1),
(210, 8, 'sss', NULL, NULL, 0, '2019-12-02 18:54:05', '2019-12-02 18:55:34', 1),
(211, 8, 'aaaaa', NULL, 207, 2, '2019-12-02 19:11:48', '2019-12-06 11:26:18', NULL),
(212, 8, 'adfasd', 'ham.jpg', NULL, 2, '2019-12-03 10:31:24', '2019-12-06 11:13:15', NULL),
(213, 5, 'aa', NULL, NULL, 1, '2019-12-03 22:01:48', '2019-12-04 14:22:19', NULL),
(214, 5, 'aa', NULL, NULL, 1, '2019-12-03 22:05:40', '2019-12-04 14:22:26', NULL),
(215, 5, 'aa', NULL, NULL, 1, '2019-12-03 22:06:03', '2019-12-04 14:22:30', NULL),
(216, 5, 'aaaaa', 'ham.jpg', NULL, 1, '2019-12-03 23:26:32', '2019-12-04 14:37:17', NULL),
(217, 5, 'aaa', NULL, NULL, 1, '2019-12-03 23:41:18', '2019-12-04 14:22:11', NULL),
(218, 5, 'like test', NULL, NULL, 1, '2019-12-04 14:16:23', '2019-12-05 12:20:57', NULL),
(219, 17, 'aa', NULL, NULL, 0, '2019-12-04 15:54:03', '2019-12-04 15:54:12', NULL),
(220, 17, 'a', 'sandwitch.jpg', NULL, 0, '2019-12-04 16:14:07', '2019-12-04 16:14:07', NULL),
(221, 17, 'with image', 'validation-over1mb.jpg', NULL, 0, '2019-12-04 16:22:15', '2019-12-04 16:22:15', NULL),
(222, 17, 'wtry', 'user.png', NULL, 0, '2019-12-04 16:23:22', '2019-12-04 16:23:22', NULL),
(223, 17, 'k', 'validation.gif', NULL, 0, '2019-12-04 16:24:14', '2019-12-04 16:24:14', NULL),
(224, 17, 'new image', 'ã‚¿ã‚™ã‚¦ãƒ³ãƒ­ãƒ¼ãƒˆã‚™.jpeg', NULL, 0, '2019-12-04 16:25:45', '2019-12-04 16:25:45', NULL),
(225, 17, 'aa', 'ã‚¿ã‚™ã‚¦ãƒ³ãƒ­ãƒ¼ãƒˆã‚™ (1).jpeg', NULL, 0, '2019-12-04 16:46:04', '2019-12-04 16:46:04', NULL),
(226, 17, 'with', 'ã‚¿ã‚™ã‚¦ãƒ³ãƒ­ãƒ¼ãƒˆã‚™ (1).jpeg', NULL, 0, '2019-12-04 16:48:17', '2019-12-04 16:48:17', NULL),
(227, 17, 'with ', 'ã‚¿ã‚™ã‚¦ãƒ³ãƒ­ãƒ¼ãƒˆã‚™ (1).jpeg', NULL, 0, '2019-12-04 16:55:45', '2019-12-04 16:55:45', NULL),
(228, 17, 'aaaaa', 'ã‚¿ã‚™ã‚¦ãƒ³ãƒ­ãƒ¼ãƒˆã‚™.jpeg', NULL, 1, '2019-12-04 17:08:10', '2019-12-04 17:14:01', NULL),
(229, 17, 'with', 'ã‚¿ã‚™ã‚¦ãƒ³ãƒ­ãƒ¼ãƒˆã‚™ (1).jpeg', NULL, 0, '2019-12-04 17:16:56', '2019-12-04 17:16:56', NULL),
(230, 17, 'sa', 'sandwitch.jpg', NULL, 0, '2019-12-04 17:23:09', '2019-12-04 17:23:09', NULL),
(231, 17, 'aaaaa', '8ec4c28e-c53b-408f-9389-bd09a3651b53.jpg', NULL, 0, '2019-12-04 17:36:03', '2019-12-04 17:36:03', NULL),
(232, 17, 'aaaaa', 'validation-over1mb.jpg', NULL, 0, '2019-12-04 17:37:40', '2019-12-04 17:37:40', NULL),
(233, 17, 'witha', '8ec4c28e-c53b-408f-9389-bd09a3651b53.jpg', NULL, 1, '2019-12-04 17:39:11', '2019-12-05 14:26:48', NULL),
(234, 2, 'Keni', NULL, NULL, 0, '2019-12-05 10:17:21', '2019-12-05 11:01:19', NULL),
(235, 2, 'with image', '5de85c15cc96cstamp_free.jpg', NULL, 0, '2019-12-05 10:23:33', '2019-12-05 10:23:33', NULL),
(236, 2, 'aaaa', '5de85cdfb623eimages (1).jpeg', 235, 1, '2019-12-05 10:25:16', '2019-12-06 11:48:34', NULL),
(237, 17, 'with image', '5de8a7f4437daimages (2).jpeg', NULL, 0, '2019-12-05 15:47:16', '2019-12-05 15:47:16', NULL),
(238, 17, '<script>alert(Hello,world);</script>', NULL, NULL, 0, '2019-12-05 16:26:07', '2019-12-05 16:26:07', NULL),
(239, 17, '<script>alert(Hello,world);</script>', NULL, 238, 0, '2019-12-05 16:26:16', '2019-12-05 18:33:45', NULL),
(240, 17, 'eee', NULL, NULL, 0, '2019-12-05 18:48:51', '2019-12-05 18:48:51', NULL),
(241, 17, 'test message', NULL, NULL, 0, '2019-12-05 18:53:15', '2019-12-05 18:53:15', NULL),
(242, 17, 'rrr', NULL, NULL, 0, '2019-12-05 18:53:56', '2019-12-05 18:53:56', NULL),
(243, 17, 'aaa', NULL, NULL, 0, '2019-12-05 18:56:05', '2019-12-05 18:56:05', NULL),
(244, 17, 'test message', NULL, NULL, 0, '2019-12-05 18:57:18', '2019-12-05 18:57:18', NULL),
(245, 17, 'aaa', NULL, NULL, 0, '2019-12-05 18:57:55', '2019-12-05 18:57:55', NULL),
(246, 17, 'iasdfa', '5de8d53a36921irish.jpg', NULL, 0, '2019-12-05 19:00:26', '2019-12-05 19:00:26', NULL),
(247, 17, 'asdas', '5de8d5655be37ã‚¿ã‚™ã‚¦ãƒ³ãƒ­ãƒ¼ãƒˆã‚™ (3).jpeg', NULL, 1, '2019-12-05 19:01:09', '2019-12-05 19:09:04', NULL),
(248, 17, 'message', NULL, NULL, 1, '2019-12-05 19:06:56', '2019-12-05 19:08:59', NULL),
(249, 17, 'aaa', NULL, NULL, 0, '2019-12-05 19:09:25', '2019-12-05 19:09:25', NULL),
(250, 17, 'aaa', NULL, NULL, 0, '2019-12-05 19:11:13', '2019-12-05 19:11:13', NULL),
(251, 17, 'aaa', NULL, NULL, 0, '2019-12-05 19:16:28', '2019-12-05 19:16:28', NULL),
(252, 17, 'a', NULL, NULL, 0, '2019-12-05 19:19:16', '2019-12-05 19:19:16', NULL),
(253, 17, 'd', NULL, NULL, 0, '2019-12-05 19:20:36', '2019-12-05 19:20:36', NULL),
(254, 17, 'asdfadsf', NULL, NULL, 0, '2019-12-05 19:20:52', '2019-12-05 19:20:52', NULL),
(255, 17, 'i', NULL, NULL, 0, '2019-12-05 19:21:24', '2019-12-05 19:21:24', NULL),
(256, 17, 'tadfas', NULL, NULL, 0, '2019-12-05 19:23:39', '2019-12-05 19:23:39', NULL),
(257, 17, 'test', NULL, NULL, 0, '2019-12-05 20:57:17', '2019-12-05 20:57:17', NULL),
(258, 17, 'message', NULL, NULL, 0, '2019-12-05 20:58:29', '2019-12-05 20:58:29', NULL),
(259, 17, 'great', NULL, NULL, 0, '2019-12-05 20:59:08', '2019-12-05 20:59:08', NULL),
(260, 17, 'aaa', NULL, NULL, 0, '2019-12-05 21:00:32', '2019-12-05 21:00:32', NULL),
(261, 17, 'ok!', NULL, NULL, 0, '2019-12-05 21:03:30', '2019-12-05 21:03:30', NULL),
(262, 17, 'Okay?', NULL, NULL, 0, '2019-12-05 21:07:43', '2019-12-05 21:07:43', NULL),
(263, 17, 'Okay?', NULL, NULL, 0, '2019-12-05 21:08:56', '2019-12-05 21:08:56', NULL),
(264, 17, 'okaY?', NULL, NULL, 0, '2019-12-05 21:09:17', '2019-12-05 21:09:17', NULL),
(265, 17, 's', NULL, NULL, 0, '2019-12-05 21:11:53', '2019-12-05 21:11:53', NULL),
(266, 17, '?', NULL, NULL, 0, '2019-12-05 21:12:19', '2019-12-05 21:12:19', NULL),
(267, 17, 'aaaa', NULL, NULL, 1, '2019-12-05 21:12:36', '2019-12-06 11:38:02', NULL),
(268, 21, 'aaaaaaaaaaaaaaaaaaaaaaaaaaaaaaaaaaaaaaaaaaaaaaaaaaaaaaaaaaaaaaaaaaaaaaaaaaaaaaaaaaaaaaaaaaaaaaaaaaaaaaaaaaaaaaaaaaaaaaaaaaaaaaaaaaaaaaaaaaaa', NULL, NULL, 1, '2019-12-06 10:23:14', '2019-12-06 11:09:43', 1),
(269, 21, 'aaaaaaaaaaaaaaaaaaaaaaaaaaaaaaaaaaaaaaaaaaaaaaaaaaaaaaaaaaaaaaaaaaaaaaaaaaaaaaaaaaaaaaaaaaaaaaaaaaaaaaaaaaaaaaaaaaaaaaaaaaaaaaaaaaaaaaaaaaaaa', NULL, NULL, 1, '2019-12-06 10:28:13', '2019-12-06 11:08:03', 1),
(270, 21, 'aaaa\r\n', NULL, NULL, 0, '2019-12-06 10:32:02', '2019-12-06 10:32:24', 1),
(271, 21, 'eee\r\n', NULL, NULL, 0, '2019-12-06 10:32:20', '2019-12-06 10:32:22', 1),
(272, 21, 'aaaaaaaaaaaaaaaaaaaaaaaaaaaaaaaaaaaaaaaaaaaaaaaaaaaaaaaaaaaaaaaaaaaaaaaaaaaaaaaaaaaaaaaaaaaaaaaaaaaaaaaaaaaaaaaaaaaaaaaaaaaaaaaaaaaaaaaaaaaa', '5de9b13668feeã‚¿ã‚™ã‚¦ãƒ³ãƒ­ãƒ¼ãƒˆã‚™ (3).jpeg', NULL, 1, '2019-12-06 10:39:02', '2019-12-06 11:06:50', 1),
(273, 21, 'Retweet ', NULL, 272, 0, '2019-12-06 11:04:34', '2019-12-06 11:04:34', NULL),
(274, 21, 'Retweet with image', '5de9b74baee48images (2).png', 272, 0, '2019-12-06 11:04:59', '2019-12-06 11:06:46', 1),
(275, 21, 'adssdf', NULL, 269, 0, '2019-12-06 11:07:37', '2019-12-06 11:07:37', NULL),
(276, 21, 'zxcbzfbd', NULL, 269, 0, '2019-12-06 11:07:58', '2019-12-06 11:07:58', NULL),
(277, 21, 'sadfsdfadfafa', NULL, 212, 0, '2019-12-06 11:25:30', '2019-12-06 11:25:30', NULL),
(278, 21, 'sdafdsfsdfa', NULL, 203, 0, '2019-12-06 11:26:52', '2019-12-06 11:26:52', NULL),
(279, 21, 'share with image', '5de9c1dda44cairish.jpg', 236, 0, '2019-12-06 11:50:05', '2019-12-06 11:50:05', NULL);

-- --------------------------------------------------------

--
-- テーブルの構造 `users`
--

CREATE TABLE IF NOT EXISTS `users` (
  `id` int(11) NOT NULL AUTO_INCREMENT,
  `username` varchar(255) NOT NULL,
  `first_name` varchar(255) NOT NULL,
  `last_name` varchar(255) NOT NULL,
  `email` varchar(255) NOT NULL,
  `password` char(128) NOT NULL,
  `active` tinyint(4) NOT NULL DEFAULT '0',
  `image_name` varchar(255) DEFAULT 'user.png',
  `created` datetime NOT NULL,
  `modified` datetime NOT NULL,
  PRIMARY KEY (`id`),
  UNIQUE KEY `username` (`username`),
  UNIQUE KEY `email` (`email`)
) ENGINE=InnoDB  DEFAULT CHARSET=utf8 AUTO_INCREMENT=22 ;

--
-- テーブルのデータのダンプ `users`
--

INSERT INTO `users` (`id`, `username`, `first_name`, `last_name`, `email`, `password`, `active`, `image_name`, `created`, `modified`) VALUES
(2, 'Kanji0801', 'Kenji132432', 'T12134', 'tora170mm@icloud.com', '466836931ce92e6f025d20a5dce3ae21516f19f7', 1, '5de85d51827e3stamp_free.jpg', '2019-11-22 13:11:49', '2019-12-05 10:28:49'),
(5, 'Kenji', 'Kenji', 'Tomita', 'tora170mm@gmail.com', '9eb10fda2cadce8b91819973ab6401699dd08c1f', 1, 'é»’-æ˜Ÿ-ã‚¤ãƒ©ã‚¹ãƒˆ__k20647236.jpg', '2019-11-25 13:33:56', '2019-12-05 10:14:08'),
(8, 'Kenji0201', 'kenji', 'tomita', 'tora1172mm@gmail.com', '466836931ce92e6f025d20a5dce3ae21516f19f7', 1, 'user.png', '2019-11-28 00:10:24', '2019-12-03 16:51:51'),
(9, 'sakuragi', 'Hanamiti', 'Sakuragi', 'suram@gmail.com', '4eaab8cb13d49e95465c3cd5fe3b2a60ed71b71e', 1, 'user.png', '2019-11-30 11:50:28', '2019-11-30 11:50:28'),
(17, 'TestUser', 'ã‘ã‚“ã˜', 'Tomita', 'tora169mm@gmail.com', '466836931ce92e6f025d20a5dce3ae21516f19f7', 1, '5de8cf1e43a06images (2).png', '2019-12-04 15:47:56', '2019-12-05 21:34:20'),
(21, 'ã²ã‚‰ãŒãªã‚«ã‚¿ã‚«ãƒŠ', 'å¥æ²»', 'å†¨ç”°', 'tora169mm@icloud.com', '466836931ce92e6f025d20a5dce3ae21516f19f7', 1, '5de9c1fd86632sandwitch.jpg', '2019-12-06 10:16:29', '2019-12-06 11:50:37');

/*!40101 SET CHARACTER_SET_CLIENT=@OLD_CHARACTER_SET_CLIENT */;
/*!40101 SET CHARACTER_SET_RESULTS=@OLD_CHARACTER_SET_RESULTS */;
/*!40101 SET COLLATION_CONNECTION=@OLD_COLLATION_CONNECTION */;
